Company URL,Extracted Information
https://www.apple.com,"```csv Question,Answer 'What is the company's mission statement or core values?','Apple Values include: Accessibility, Education, Environment, Inclusion and Diversity, Privacy, Racial Equity and Justice, and Supply Chain.' 'What products or services does the company offer?','Products: Mac, iPad, iPhone, Watch, Vision Pro, AirPods, Apple TV & Home, Accessories, Apple Card. Services: Apple Intelligence, Apple TV+, Apple Music, Apple Arcade, Apple Fitness+, Apple News+, Apple Podcasts, Apple Books, App Store, Apple Trade In, Financing, Apple Pay, Apple Cash, iCloud, Apple One, AppleCare' 'When was the company founded, and who were the founders?','The text does not explicitly state the founding date or founders.' 'Where is the company's headquarters located?','The text does not explicitly state the headquarters location.' 'Who are the key executives or leadership team members?','The text mentions 'Apple Leadership' but does not list specific names.' 'Has the company received any notable awards or recognitions?','The text does not mention any specific awards or recognitions.' ```"
https://www.toyota-global.com,"```csv Question,Answer 'What is the company's mission statement or core values?',The provided text includes links to sections titled 'SDGs Initiatives' and 'Toyota Production System' which suggest a focus on sustainability and efficient production. However, a direct mission statement or clearly stated core values are not explicitly provided in the text. 'What products or services does the company offer?',The text mentions the 'All-New Crown Estate', implying the company manufactures automobiles. The mention of 'Virtual Plant Tour' also hints at manufacturing. The text further mentions 'Easy-to-use Map Showing Real-time Traffic Information and Road Closures in Japan' indicating traffic information services are offered. 'When was the company founded, and who were the founders?',This information is not provided in the text. 'Where is the company's headquarters located?',This information is not provided in the text. The website is a global one, suggesting the company operates internationally. 'Who are the key executives or leadership team members?',The text mentions Evans winning a rally for 'TOYOTA GAZOO Racing', which suggests he is associated with the racing division. However, no key executives or leadership team members for the overall corporation are explicitly mentioned in this text. 'Has the company received any notable awards or recognitions?',The text mentions 'Toyota awarded the Gold Prize in PRIDE INDEX 2024'. ```"
https://www.jpmorganchase.com,"```csv Question,Answer 'What is the company's mission statement or core values?', 'Committed to service, innovation and growth. For 225 years, our work has been guided by principles that strengthen, protect and grow our company over time. United by a purpose that weaves together what we value and how we do business and deliver results for the clients, colleagues and communities we serve.' 'What products or services does the company offer?', 'Serves millions of customers, clients and communities in over 100 global markets (implied to be financial services)' 'When was the company founded, and who were the founders?', 'Founded 225 years prior to 2025 (stated as 'For 225 years, our work has been guided by principles...'). Founders not explicitly mentioned.' 'Where is the company's headquarters located?', 'New JPMorganChase HQ Drives Billions in Economic Growth for New York (implies HQ is in New York)' 'Who are the key executives or leadership team members?', 'Chairman and CEO mentioned but not named. Leadership mentioned as a section on the website (/about/leadership).' 'Has the company received any notable awards or recognitions?', 'Awards and recognition mentioned as a section on the website (/about/awards-and-recognition). J.P. Morgan Top Advisors Recognized by Barron’s' ```"
https://www.pfizer.com,"```csv Question,Answer 'What is the company's mission statement or core values?', 'Pfizer Sets New Ambition: Changing a Billion Lives a Year by 2027. United in our purpose – a world where people with cancer live better and longer lives.' 'What products or services does the company offer?', 'Biopharmaceutical products, including medicines and vaccines. Areas of focus include: Rare Disease, Internal Medicine, Inflammation & Immunology, Vaccines, Oncology, and Anti-Infectives. They also have patient assistance programs like Pfizer RxPathways.' 'When was the company founded, and who were the founders?', 'Founded in 1849 by Charles Pfizer' 'Where is the company's headquarters located?', 'Not explicitly stated in the provided text. The text indicates the information is intended for residents of the United States.' 'Who are the key executives or leadership team members?', 'The text refers to an 'Executives' section under '/about/people/executives', but doesn't list specific names.' 'Has the company received any notable awards or recognitions?', 'The text highlights celebrating their 175th anniversary, and mentions fighting for cancer breakthroughs but doesn't list specific awards.' ```"
https://www.thewaltdisneycompany.com,"```csv Question,Answer 'What is the company's mission statement or core values?','The mission of The Walt Disney Company is to entertain, inform and inspire people around the globe through the power of unparalleled storytelling, reflecting the iconic brands, creative minds and innovative technologies that make ours the world’s premier entertainment company.' 'What products or services does the company offer?','The company offers entertainment through storytelling, reflecting iconic brands, creative minds, and innovative technologies.' 'When was the company founded, and who were the founders?','This information is not available in the provided text.' 'Where is the company's headquarters located?','This information is not available in the provided text.' 'Who are the key executives or leadership team members?','The text mentions CEO Bob Iger.' 'Has the company received any notable awards or recognitions?','This information is not available in the provided text.' ```"
https://www.shell.com,"Okay, I understand. Unfortunately, I need the provided text about 'Shell Global' to be able to answer your questions and extract the information. Since you only provided the company name 'Shell Global,' I can't answer the questions with specifics. I'll provide a **template** of the CSV output you requested, based on what I *might* find if I had the text. **You will need to populate this with information from your actual source text.** Here's the CSV-compatible output: ```csv Question,Answer '1. What is the company's mission statement or core values?','[Insert Shell's Mission Statement and/or Core Values from Text. Example: To power progress together through more and cleaner energy solutions. Integrity, Honesty, and Respect.]' '2. What products or services does the company offer?','[Insert Shell's Products/Services from Text. Example: Oil and gas exploration and production, refining, petrochemicals, renewable energy solutions (wind, solar), fuels marketing, trading.]' '3. When was the company founded, and who were the founders?','[Insert Founding Date and Founders from Text. Example: Formed in 1907 through the merger of Royal Dutch Petroleum and The Shell Transport and Trading Company.]' '4. Where is the company's headquarters located?','[Insert Headquarters Location from Text. Example: London, England]' '5. Who are the key executives or leadership team members?','[Insert Key Executives from Text. Example: Wael Sawan (CEO), Sinead Gorman (CFO)]' '6. Has the company received any notable awards or recognitions?','[Insert Awards/Recognitions from Text. Example: Example: Named one of the World's Most Admired Companies by Fortune (Year). ]' ``` **Important:** * **Replace the bracketed placeholders with the actual information extracted from the text you provide.** * The formatting is CSV-compatible. You can copy and paste this into a text file and save it with a `.csv` extension. You can then open it with spreadsheet software like Microsoft Excel, Google Sheets, or LibreOffice Calc. * If a question cannot be answered because the information is not present in the text, then the answer should say '[Information not found in text]'. Please provide the text about Shell Global, and I will be happy to fill in the CSV with accurate details."
https://www.siemens.com,"```csv Question,Answer 'What is the company's mission statement or core values?',Not found in provided text 'What products or services does the company offer?',Products & Services (explicitly mentioned), Also implied to offer industrial solutions through Hannover Messe participation. No specific products listed. 'When was the company founded, and who were the founders?',Not found in provided text 'Where is the company's headquarters located?',Not found in provided text 'Who are the key executives or leadership team members?',Not found in provided text 'Has the company received any notable awards or recognitions?',Not found in provided text ```"
https://www.samsung.com/in/,"```csv Question,Answer 'What is the company's mission statement or core values?',The text mentions 'Explore #DoWhatYouCant' and links to explorations on easing the day, empowering a better you, AI empowerment, navigating life changes, and Galaxy empowerment, which hint at innovation and customer empowerment, but a clear, concise mission statement is not provided. 'What products or services does the company offer?',Mobiles (smartphones, tablets, watches, buds, accessories), TVs & AV (Neo QLED, OLED, QLED, Crystal UHD, The Frame, The Serif, soundbars, projectors), Home Appliances (refrigerators, washing machines & dryers, vacuum cleaners, air conditioners, cooking appliances, dishwashers), Computing & Displays (laptops, monitors, memory & storage), Accessories, and Services like Samsung Care+, Samsung Finance+, SmartThings. Also offers business solutions like Smart Signage, LED Signage, Commercial TVs, Business Monitors and Digital Service Center. 'When was the company founded, and who were the founders?',The text only includes the Corporate Identification Number (CIN): U31900DL1995PTC071387, implying the company was registered in India in 1995. It does not contain information about the original founding date or founders of Samsung globally. 'Where is the company's headquarters located?',The registered office address is 6th Floor, DLF Centre, Sansad Marg, New Delhi-110001, India. This is for Samsung India. 'Who are the key executives or leadership team members?',The text does not contain information about key executives or leadership team members. 'Has the company received any notable awards or recognitions?',The text only mentions offers and benefits on various products. It does not contain information about notable awards or recognitions received by the company. ```"
https://www.nike.com,"```csv Question,Answer 'What is the company's mission statement or core values?', 'Just Do It.' 'What products or services does the company offer?', 'Shoes, clothing, accessories, and equipment for various sports and lifestyle activities (Running, Basketball, Football, Golf, Tennis, Gym and Training, Yoga, Skateboarding). Also offers customization options through Nike By You.' 'When was the company founded, and who were the founders?', 'This information is not available in the provided text.' 'Where is the company's headquarters located?', 'This information is not available in the provided text. The provided text is for Nike India.' 'Who are the key executives or leadership team members?', 'This information is not available in the provided text.' 'Has the company received any notable awards or recognitions?', 'This information is not available in the provided text.' ```"
